[
  {
    "httpRequest": {
      "method": "GET",
      "path": "/clients/[0-9]+"
    },
    "httpResponse": {
      "body": {
        "id": 1,
        "name": "Jujuquinha",
        "email": "jujuquinha@jujuquinha.com.br",
        "phone": "11999999999"
      },
      "statusCode": 200,
      "headers": {
        "Content-Type": "application/json"
      }
    }
  },
  {
    "httpRequest": {
      "method": "GET",
      "path": "/clients"
    },
    "httpResponse": {
      "body": [
        {
          "id": 1,
          "name": "Jujuquinha",
          "email": "jujuquinha@jujuquinha.com.br",
          "phone": "11999999999"
        },
        {
          "id": 2,
          "name": "Mariazinha",
          "email": "mariazinha@mariazinha.com.br",
          "phone": "11888888888"
        },
        {
          "id": 3,
          "name": "Joãozinho",
          "email": "joaozinho@joaozinho.com.br",
          "phone": "11777777777"
        }
      ],
      "statusCode": 200,
      "headers": {
        "Content-Type": "application/json"
      }
    }
  },
  {
    "httpRequest": {
      "method": "GET",
      "path": "/schedules/2025/5"
    },
    "httpResponse": {
      "body": {
        "schedules": []
      },
      "statusCode": 200,
      "headers": {
        "Content-Type": "application/json"
      }
    }
  }
]